{
  "IPC_ECOICOP Índice General -> IPC_ECOICOP Índice General": [
    0.6033888311296479,
    -0.05781085545086056,
    0.12270352506218087,
    -0.058810085873294705,
    -0.004557290852765853,
    0.08452892741141131,
    0.18096261424324037,
    0.018073562107382334,
    0.04310208431264236,
    -0.014030179220688485,
    -0.01610149295285871,
    0.09289642560406888,
    0.10092843724475326
  ],
  "IPC_ECOICOP Índice General -> Ira": [
    -0.0007804513837959667,
    0.0010325666793664652,
    -0.0006814164576220128,
    -0.0002920096035571546,
    0.00032485023420218955,
    0.0007278431559246976,
    -0.0007782353458234235,
    0.00011049355338485792,
    0.00020134265434924693,
    -0.0004687155018125996,
    0.0002749324585932911,
    7.421541889747666e-05,
    -3.78156208506326e-05
  ],
  "IPC_ECOICOP Índice General -> Miedo": [
    -0.0001292111393429684,
    4.004061163087735e-05,
    0.0003959353316105298,
    -0.0004146743630225001,
    0.0003699935111130334,
    -0.0002802644860870153,
    -0.000316130509611898,
    0.0003646178438573663,
    -0.000203677048113035,
    0.00026295511207294445,
    -3.45334660959496e-06,
    -5.699447920103573e-05,
    -0.00011842006144169924
  ],
  "IPC_ECOICOP Índice General -> Tristeza": [
    0.0008364012274677804,
    -0.0010598858506829754,
    0.0006878578352601366,
    -0.00010506252904208318,
    0.0011722456673539424,
    -0.0011594513736073442,
    -0.00016936583146845614,
    0.00023307019448721598,
    -0.0005561715108633199,
    0.0007159528955888357,
    0.0005642786029028828,
    -0.0006906824807503697,
    -0.0001929539941552515
  ],
  "IPC_ECOICOP Índice General -> Alegria": [
    0.0004237873615753196,
    -0.00023465729666334942,
    0.00013094658783946277,
    0.0002520631021955513,
    -0.0006517712053558378,
    -0.00016648818546081617,
    0.0010737277676426047,
    -0.00036644643138142747,
    -1.3934742658104737e-05,
    0.000327167522856889,
    -0.0007419084202281215,
    5.42005701331817e-05,
    0.0003259487247790564
  ],
  "Ira -> IPC_ECOICOP Índice General": [
    0.0,
    0.0381052381315867,
    -0.08406227375585132,
    0.02535954702925544,
    0.053550517475256104,
    -0.05601976728400493,
    -0.09045279777960806,
    -0.1013704099154051,
    -0.04625267385807544,
    -0.0159643002848887,
    0.030019703577974805,
    0.05350619757802663,
    -0.006123217754310038
  ],
  "Ira -> Ira": [
    0.0032127489495959454,
    -0.0023872991520615,
    -0.0007348704613786883,
    0.00045972708205596673,
    0.001115599794069388,
    -0.0007006754988443581,
    -0.0009651557697958279,
    0.0007356887353313756,
    0.00026063585833357365,
    -0.00021272937871069926,
    0.00012944466142086246,
    7.16860675825768e-05,
    -9.79184890985266e-05
  ],
  "Ira -> Miedo": [
    -0.00016633998131238272,
    0.0006841883174169554,
    0.00014892472307029368,
    -4.238572247282888e-05,
    -1.655656157480731e-05,
    -0.0002443065740162461,
    8.07200694447256e-05,
    -3.1383358644726155e-05,
    -0.00010132186075485768,
    -2.9957383185531582e-05,
    -0.00017901312319419993,
    0.00014259519339425032,
    0.00010635776948532604
  ],
  "Ira -> Tristeza": [
    -0.0016387638471892622,
    0.0020996356112417606,
    0.00023266015563589638,
    -0.0006707287572212938,
    0.00021757629302364436,
    0.00037592981702430016,
    0.0007496250367349411,
    -0.0013452400929073584,
    -0.00023139205033308543,
    0.0006475014024701432,
    -0.00026430122949120267,
    -0.0005211087066901882,
    0.00010797586330946516
  ],
  "Ira -> Alegria": [
    0.00024164452379862,
    -0.0005756496487374509,
    0.0006864531344807061,
    -0.0006933359433378996,
    0.000322662428526728,
    0.000409302585140099,
    0.00026534066473663296,
    -0.0006272280964358334,
    -0.00041732918968292207,
    0.0006460203195616136,
    -0.0002744857916025228,
    -4.0260055787076826e-05,
    3.850438739867901e-05
  ],
  "Miedo -> IPC_ECOICOP Índice General": [
    0.0,
    -0.04016984549237403,
    -0.11719038392614115,
    0.0390436764257276,
    -0.03300153441893309,
    -0.1576810134586209,
    -0.15529980193735207,
    0.07272067997329588,
    0.01428400433226776,
    0.025464508364031194,
    0.0017180894841067604,
    -0.042919688660876275,
    -0.012449370311378728
  ],
  "Miedo -> Ira": [
    0.0,
    -0.00025760058236327937,
    -0.0005262900046826381,
    0.0011458791515203696,
    -0.0007342621112673086,
    -0.0005918644275482351,
    0.000799636178409562,
    0.0001700306697214806,
    7.286142777280462e-05,
    -0.0005607177647883638,
    0.0003082360366277762,
    0.00023839818761651736,
    -0.0003491883773321111
  ],
  "Miedo -> Miedo": [
    0.0016410568304362004,
    -0.0010296175312246142,
    -0.00011026184634557241,
    0.00012562989318354957,
    -0.00032423241514877775,
    0.0005193011521978577,
    -0.00068084246817242,
    0.0002021962521004798,
    7.404530851679995e-06,
    -5.058711530992642e-05,
    0.00027296641004856664,
    -0.0002147704286832701,
    0.00040960312244629234
  ],
  "Miedo -> Tristeza": [
    0.0011526736008680334,
    0.0001361555907034992,
    0.00012576678554998043,
    -0.0005975405434383404,
    -0.0004813888948617937,
    0.001429335366466515,
    -0.0008598727227273126,
    -0.0007472992526506979,
    0.00024489920452851785,
    0.00011924098562233866,
    -0.0001350092082510171,
    0.0002457471340772632,
    0.00039985580459887284
  ],
  "Miedo -> Alegria": [
    7.22949254349376e-05,
    5.4893406115429884e-05,
    0.00015767666725578682,
    -0.0005077664902667689,
    0.0007676251587859495,
    -8.235156744366058e-05,
    -0.0007402230290652446,
    0.0003658971293115742,
    -0.00044566639971881317,
    0.0005297951890144152,
    -5.0946164736470555e-06,
    -0.00031066556619038175,
    0.00018992867241286488
  ],
  "Tristeza -> IPC_ECOICOP Índice General": [
    0.0,
    -0.19472208453743034,
    0.004661250236257362,
    -0.062454009302802004,
    -0.009305404097745811,
    0.04854987686911368,
    -0.04251598711486314,
    -0.07391418196636956,
    0.09857918548928299,
    -0.0067300575276965985,
    0.00431687880075364,
    -0.013065547584142329,
    -0.05627862172591449
  ],
  "Tristeza -> Ira": [
    0.0,
    0.00031433900132850687,
    4.819416072014505e-05,
    -0.0008281696773171708,
    0.0012930803708046178,
    -0.0005671747365772657,
    -0.00037285773739897205,
    0.00010380212757591861,
    0.0005568084613816957,
    -0.0002489000354549081,
    5.792713221297379e-05,
    -0.0003242826285979237,
    0.00014756326833178536
  ],
  "Tristeza -> Miedo": [
    0.0,
    0.00031931330822029195,
    -0.0004002423376506856,
    -0.00041161741795306655,
    0.0003219954673077692,
    -0.00017275068691818295,
    0.00020657493287970394,
    0.0001923484124108309,
    -9.859919806852363e-05,
    -9.628157862390544e-05,
    1.6177718549541724e-05,
    -9.857693039521136e-06,
    0.00015961084035985527
  ],
  "Tristeza -> Tristeza": [
    0.0033280530113017786,
    -0.0021235665401364034,
    -0.0004988751666168642,
    -0.00048724040697479073,
    6.219602154766617e-05,
    5.2430278423727885e-05,
    0.0007582282804706123,
    -0.00040429447523042216,
    -0.0003429536107996589,
    0.00017038920115586167,
    0.0007209051356624035,
    -0.0008529997103752494,
    0.0005119673998275639
  ],
  "Tristeza -> Alegria": [
    0.00022030751876925863,
    0.00013675324251369373,
    -0.0006663960035642282,
    0.0007604848031926445,
    -0.0005829184045208726,
    0.0006710167244662273,
    -0.000386857647636179,
    -0.0007374980491216741,
    0.0005965757718899785,
    -3.977312606570867e-05,
    0.00012716739006299031,
    0.0003099502943693604,
    -0.00034888377469586586
  ],